Age,Male,Female
0,14.28,13.66
1,18.46,18.48
2,15.21,13.42
3,16.82,15.87
4,20.43,18.83
5,18.98,19.25
6,22,20.59
7,22.01,20.8
8,24.7,23.73
9,26.92,24.83
10,26.57,26.28
11,27.23,27.33
12,26.26,26.45
13,28.81,29.7
14,28.21,30.97
15,30.92,34.2
16,35.34,39.39
17,33.54,34.13
18,41.59,47.43
19,52,60.89
20,62.38,75.68
21,68.48,82.8
22,70.75,87.76
23,81.35,100.75
24,85.95,108.72
25,90.04,114.11
26,86.81,111.14
27,86.99,110.37
28,91.38,112.4
29,91.78,111.02
30,90.13,106.27
31,85.56,94.18
32,79.62,86.3
33,78.64,80.11
34,74.18,74.74
35,73.45,71.4
36,72.26,68.5
37,68.96,65.01
38,66.11,62.82
39,64.87,61.54
40,64.36,60.47
41,64.48,59.06
42,64.72,59.6
43,64.59,61.53
44,64.28,62.03
45,60.54,60.69
46,61.4,60.23
47,59.73,59.45
48,59.58,61.99
49,60.54,63.7
50,59.09,67.05
51,60.59,67.67
52,63.07,73.16
53,64.51,74.98
54,64.45,75.64
55,65.07,81.71
56,64.78,78.89
57,65.18,82.42
58,62.54,76.9
59,63.67,77.54
60,67.01,80.76
61,68.05,81.54
62,69.39,83.37
63,65.67,78.44
64,62.45,69.46
65,60.47,73.39
66,58.84,71.33
67,56.83,64.61
68,54.18,61.28
69,51.39,56.7
70,47.06,50.78
71,42.82,46.15
72,38.55,40.82
73,35.44,36.51
74,29.69,30.51
75,27.33,27.32
76,24.96,24.38
77,21.07,21.79
78,18.96,18.72
79,15.48,15.05
80,11.06,10.3
81,8.93,8.65
82,7.84,7.01
83,5.98,5.52
84,4.37,4.92
85,2.76,3.76
86,2.37,2.94
87,1.79,2.06
88,1.48,1.34
89,0.84,0.94
90,0.45,0.96
91,0.4,0.59
92,0.26,0.2
93,0.24,0.24
94,0.15,0.15
95,0.04,0.06
96,0.03,0.04
97,0.04,0.05
98,0,0
99,0.01,0.01
100+,0.02,0.05